Week,Day,,VisTm,Pts,,HomeTm,Pts,Time
1,Thu,September 7,Detroit Lions,21,@,Kansas City Chiefs,20,8:20 PM
1,Sun,September 10,Carolina Panthers,10,@,Atlanta Falcons,24,1:00 PM
1,Sun,September 10,Cincinnati Bengals,3,@,Cleveland Browns,24,1:00 PM
1,Sun,September 10,Jacksonville Jaguars,31,@,Indianapolis Colts,21,1:00 PM
1,Sun,September 10,Tampa Bay Buccaneers,20,@,Minnesota Vikings,17,1:00 PM
1,Sun,September 10,Tennessee Titans,15,@,New Orleans Saints,16,1:00 PM
1,Sun,September 10,San Francisco 49ers,30,@,Pittsburgh Steelers,7,1:00 PM
1,Sun,September 10,Houston Texans,9,@,Baltimore Ravens,25,1:00 PM
1,Sun,September 10,Arizona Cardinals,16,@,Washington Commanders,20,1:00 PM
1,Sun,September 10,Green Bay Packers,38,@,Chicago Bears,20,4:25 PM
1,Sun,September 10,Las Vegas Raiders,17,@,Denver Broncos,16,4:25 PM
1,Sun,September 10,Philadelphia Eagles,25,@,New England Patriots,20,4:25 PM
1,Sun,September 10,Miami Dolphins,36,@,Los Angeles Chargers,34,4:25 PM
1,Sun,September 10,Los Angeles Rams,30,@,Seattle Seahawks,13,4:25 PM
1,Sun,September 10,Dallas Cowboys,40,@,New York Giants,0,8:20 PM
1,Mon,September 11,Buffalo Bills,,@,New York Jets,,8:15 PM
2,Thu,September 14,Minnesota Vikings,,@,Philadelphia Eagles,,8:15 PM
2,Sun,September 17,Green Bay Packers,,@,Atlanta Falcons,,1:00 PM
2,Sun,September 17,Las Vegas Raiders,,@,Buffalo Bills,,1:00 PM
2,Sun,September 17,Baltimore Ravens,,@,Cincinnati Bengals,,1:00 PM
2,Sun,September 17,Seattle Seahawks,,@,Detroit Lions,,1:00 PM
2,Sun,September 17,Indianapolis Colts,,@,Houston Texans,,1:00 PM
2,Sun,September 17,Kansas City Chiefs,,@,Jacksonville Jaguars,,1:00 PM
2,Sun,September 17,Los Angeles Chargers,,@,Tennessee Titans,,1:00 PM
2,Sun,September 17,Chicago Bears,,@,Tampa Bay Buccaneers,,1:00 PM
2,Sun,September 17,New York Giants,,@,Arizona Cardinals,,4:05 PM
2,Sun,September 17,San Francisco 49ers,,@,Los Angeles Rams,,4:05 PM
2,Sun,September 17,New York Jets,,@,Dallas Cowboys,,4:25 PM
2,Sun,September 17,Washington Commanders,,@,Denver Broncos,,4:25 PM
2,Sun,September 17,Miami Dolphins,,@,New England Patriots,,8:20 PM
2,Mon,September 18,New Orleans Saints,,@,Carolina Panthers,,7:15 PM
2,Mon,September 18,Cleveland Browns,,@,Pittsburgh Steelers,,8:15 PM
3,Thu,September 21,New York Giants,,@,San Francisco 49ers,,8:15 PM
3,Sun,September 24,Tennessee Titans,,@,Cleveland Browns,,1:00 PM
3,Sun,September 24,Atlanta Falcons,,@,Detroit Lions,,1:00 PM
3,Sun,September 24,New Orleans Saints,,@,Green Bay Packers,,1:00 PM
3,Sun,September 24,Houston Texans,,@,Jacksonville Jaguars,,1:00 PM
3,Sun,September 24,Denver Broncos,,@,Miami Dolphins,,1:00 PM
3,Sun,September 24,Los Angeles Chargers,,@,Minnesota Vikings,,1:00 PM
3,Sun,September 24,New England Patriots,,@,New York Jets,,1:00 PM
3,Sun,September 24,Indianapolis Colts,,@,Baltimore Ravens,,1:00 PM
3,Sun,September 24,Buffalo Bills,,@,Washington Commanders,,1:00 PM
3,Sun,September 24,Carolina Panthers,,@,Seattle Seahawks,,4:05 PM
3,Sun,September 24,Dallas Cowboys,,@,Arizona Cardinals,,4:25 PM
3,Sun,September 24,Chicago Bears,,@,Kansas City Chiefs,,4:25 PM
3,Sun,September 24,Pittsburgh Steelers,,@,Las Vegas Raiders,,8:20 PM
3,Mon,September 25,Philadelphia Eagles,,@,Tampa Bay Buccaneers,,7:15 PM
3,Mon,September 25,Los Angeles Rams,,@,Cincinnati Bengals,,8:15 PM
4,Thu,September 28,Detroit Lions,,@,Green Bay Packers,,8:15 PM
4,Sun,October 1,Atlanta Falcons,,@,Jacksonville Jaguars,,9:30 AM
4,Sun,October 1,Miami Dolphins,,@,Buffalo Bills,,1:00 PM
4,Sun,October 1,Minnesota Vikings,,@,Carolina Panthers,,1:00 PM
4,Sun,October 1,Denver Broncos,,@,Chicago Bears,,1:00 PM
4,Sun,October 1,Baltimore Ravens,,@,Cleveland Browns,,1:00 PM
4,Sun,October 1,Los Angeles Rams,,@,Indianapolis Colts,,1:00 PM
4,Sun,October 1,Pittsburgh Steelers,,@,Houston Texans,,1:00 PM
4,Sun,October 1,Tampa Bay Buccaneers,,@,New Orleans Saints,,1:00 PM
4,Sun,October 1,Cincinnati Bengals,,@,Tennessee Titans,,1:00 PM
4,Sun,October 1,Washington Commanders,,@,Philadelphia Eagles,,1:00 PM
4,Sun,October 1,Las Vegas Raiders,,@,Los Angeles Chargers,,4:05 PM
4,Sun,October 1,New England Patriots,,@,Dallas Cowboys,,4:25 PM
4,Sun,October 1,Arizona Cardinals,,@,San Francisco 49ers,,4:25 PM
4,Sun,October 1,Kansas City Chiefs,,@,New York Jets,,8:20 PM
4,Mon,October 2,Seattle Seahawks,,@,New York Giants,,8:15 PM
5,Thu,October 5,Chicago Bears,,@,Washington Commanders,,8:15 PM
5,Sun,October 8,Jacksonville Jaguars,,@,Buffalo Bills,,9:30 AM
5,Sun,October 8,Houston Texans,,@,Atlanta Falcons,,1:00 PM
5,Sun,October 8,Tennessee Titans,,@,Indianapolis Colts,,1:00 PM
5,Sun,October 8,Carolina Panthers,,@,Detroit Lions,,1:00 PM
5,Sun,October 8,New York Giants,,@,Miami Dolphins,,1:00 PM
5,Sun,October 8,New Orleans Saints,,@,New England Patriots,,1:00 PM
5,Sun,October 8,Baltimore Ravens,,@,Pittsburgh Steelers,,1:00 PM
5,Sun,October 8,Cincinnati Bengals,,@,Arizona Cardinals,,4:05 PM
5,Sun,October 8,Philadelphia Eagles,,@,Los Angeles Rams,,4:05 PM
5,Sun,October 8,New York Jets,,@,Denver Broncos,,4:25 PM
5,Sun,October 8,Kansas City Chiefs,,@,Minnesota Vikings,,4:25 PM
5,Sun,October 8,Dallas Cowboys,,@,San Francisco 49ers,,8:20 PM
5,Mon,October 9,Green Bay Packers,,@,Las Vegas Raiders,,8:15 PM
6,Thu,October 12,Denver Broncos,,@,Kansas City Chiefs,,8:15 PM
6,Sun,October 15,Baltimore Ravens,,@,Tennessee Titans,,9:30 AM
6,Sun,October 15,Washington Commanders,,@,Atlanta Falcons,,1:00 PM
6,Sun,October 15,Minnesota Vikings,,@,Chicago Bears,,1:00 PM
6,Sun,October 15,Seattle Seahawks,,@,Cincinnati Bengals,,1:00 PM
6,Sun,October 15,San Francisco 49ers,,@,Cleveland Browns,,1:00 PM
6,Sun,October 15,New Orleans Saints,,@,Houston Texans,,1:00 PM
6,Sun,October 15,Indianapolis Colts,,@,Jacksonville Jaguars,,1:00 PM
6,Sun,October 15,Carolina Panthers,,@,Miami Dolphins,,1:00 PM
6,Sun,October 15,Detroit Lions,,@,Tampa Bay Buccaneers,,1:00 PM
6,Sun,October 15,New England Patriots,,@,Las Vegas Raiders,,4:05 PM
6,Sun,October 15,Philadelphia Eagles,,@,New York Jets,,4:25 PM
6,Sun,October 15,Arizona Cardinals,,@,Los Angeles Rams,,4:25 PM
6,Sun,October 15,New York Giants,,@,Buffalo Bills,,8:20 PM
6,Mon,October 16,Dallas Cowboys,,@,Los Angeles Chargers,,8:15 PM
7,Thu,October 19,Jacksonville Jaguars,,@,New Orleans Saints,,8:15 PM
7,Sun,October 22,Las Vegas Raiders,,@,Chicago Bears,,1:00 PM
7,Sun,October 22,Cleveland Browns,,@,Indianapolis Colts,,1:00 PM
7,Sun,October 22,Buffalo Bills,,@,New England Patriots,,1:00 PM
7,Sun,October 22,Washington Commanders,,@,New York Giants,,1:00 PM
7,Sun,October 22,Detroit Lions,,@,Baltimore Ravens,,1:00 PM
7,Sun,October 22,Atlanta Falcons,,@,Tampa Bay Buccaneers,,1:00 PM
7,Sun,October 22,Pittsburgh Steelers,,@,Los Angeles Rams,,4:05 PM
7,Sun,October 22,Arizona Cardinals,,@,Seattle Seahawks,,4:05 PM
7,Sun,October 22,Green Bay Packers,,@,Denver Broncos,,4:25 PM
7,Sun,October 22,Los Angeles Chargers,,@,Kansas City Chiefs,,4:25 PM
7,Sun,October 22,Miami Dolphins,,@,Philadelphia Eagles,,8:20 PM
7,Mon,October 23,San Francisco 49ers,,@,Minnesota Vikings,,8:15 PM
8,Thu,October 26,Tampa Bay Buccaneers,,@,Buffalo Bills,,8:15 PM
8,Sun,October 29,Houston Texans,,@,Carolina Panthers,,1:00 PM
8,Sun,October 29,New Orleans Saints,,@,Indianapolis Colts,,1:00 PM
8,Sun,October 29,Los Angeles Rams,,@,Dallas Cowboys,,1:00 PM
8,Sun,October 29,Minnesota Vikings,,@,Green Bay Packers,,1:00 PM
8,Sun,October 29,New England Patriots,,@,Miami Dolphins,,1:00 PM
8,Sun,October 29,New York Jets,,@,New York Giants,,1:00 PM
8,Sun,October 29,Atlanta Falcons,,@,Tennessee Titans,,1:00 PM
8,Sun,October 29,Jacksonville Jaguars,,@,Pittsburgh Steelers,,1:00 PM
8,Sun,October 29,Philadelphia Eagles,,@,Washington Commanders,,1:00 PM
8,Sun,October 29,Cleveland Browns,,@,Seattle Seahawks,,4:05 PM
8,Sun,October 29,Baltimore Ravens,,@,Arizona Cardinals,,4:25 PM
8,Sun,October 29,Kansas City Chiefs,,@,Denver Broncos,,4:25 PM
8,Sun,October 29,Cincinnati Bengals,,@,San Francisco 49ers,,4:25 PM
8,Sun,October 29,Chicago Bears,,@,Los Angeles Chargers,,8:20 PM
8,Mon,October 30,Las Vegas Raiders,,@,Detroit Lions,,8:15 PM
9,Thu,November 2,Tennessee Titans,,@,Pittsburgh Steelers,,8:15 PM
9,Sun,November 5,Miami Dolphins,,@,Kansas City Chiefs,,9:30 AM
9,Sun,November 5,Minnesota Vikings,,@,Atlanta Falcons,,1:00 PM
9,Sun,November 5,Arizona Cardinals,,@,Cleveland Browns,,1:00 PM
9,Sun,November 5,Los Angeles Rams,,@,Green Bay Packers,,1:00 PM
9,Sun,November 5,Tampa Bay Buccaneers,,@,Houston Texans,,1:00 PM
9,Sun,November 5,Chicago Bears,,@,New Orleans Saints,,1:00 PM
9,Sun,November 5,Washington Commanders,,@,New England Patriots,,1:00 PM
9,Sun,November 5,Seattle Seahawks,,@,Baltimore Ravens,,1:00 PM
9,Sun,November 5,Indianapolis Colts,,@,Carolina Panthers,,4:05 PM
9,Sun,November 5,Dallas Cowboys,,@,Philadelphia Eagles,,4:25 PM
9,Sun,November 5,New York Giants,,@,Las Vegas Raiders,,4:25 PM
9,Sun,November 5,Buffalo Bills,,@,Cincinnati Bengals,,8:20 PM
9,Mon,November 6,Los Angeles Chargers,,@,New York Jets,,8:15 PM
10,Thu,November 9,Carolina Panthers,,@,Chicago Bears,,8:15 PM
10,Sun,November 12,Indianapolis Colts,,@,New England Patriots,,9:30 AM
10,Sun,November 12,Houston Texans,,@,Cincinnati Bengals,,1:00 PM
10,Sun,November 12,San Francisco 49ers,,@,Jacksonville Jaguars,,1:00 PM
10,Sun,November 12,New Orleans Saints,,@,Minnesota Vikings,,1:00 PM
10,Sun,November 12,Green Bay Packers,,@,Pittsburgh Steelers,,1:00 PM
10,Sun,November 12,Cleveland Browns,,@,Baltimore Ravens,,1:00 PM
10,Sun,November 12,Tennessee Titans,,@,Tampa Bay Buccaneers,,1:00 PM
10,Sun,November 12,Atlanta Falcons,,@,Arizona Cardinals,,4:05 PM
10,Sun,November 12,Detroit Lions,,@,Los Angeles Chargers,,4:05 PM
10,Sun,November 12,New York Giants,,@,Dallas Cowboys,,4:25 PM
10,Sun,November 12,Washington Commanders,,@,Seattle Seahawks,,4:25 PM
10,Sun,November 12,New York Jets,,@,Las Vegas Raiders,,8:20 PM
10,Mon,November 13,Denver Broncos,,@,Buffalo Bills,,8:15 PM
11,Thu,November 16,Cincinnati Bengals,,@,Baltimore Ravens,,8:15 PM
11,Sun,November 19,Dallas Cowboys,,@,Carolina Panthers,,1:00 PM
11,Sun,November 19,Pittsburgh Steelers,,@,Cleveland Browns,,1:00 PM
11,Sun,November 19,Chicago Bears,,@,Detroit Lions,,1:00 PM
11,Sun,November 19,Los Angeles Chargers,,@,Green Bay Packers,,1:00 PM
11,Sun,November 19,Arizona Cardinals,,@,Houston Texans,,1:00 PM
11,Sun,November 19,Tennessee Titans,,@,Jacksonville Jaguars,,1:00 PM
11,Sun,November 19,Las Vegas Raiders,,@,Miami Dolphins,,1:00 PM
11,Sun,November 19,New York Giants,,@,Washington Commanders,,1:00 PM
11,Sun,November 19,Tampa Bay Buccaneers,,@,San Francisco 49ers,,4:05 PM
11,Sun,November 19,New York Jets,,@,Buffalo Bills,,4:25 PM
11,Sun,November 19,Seattle Seahawks,,@,Los Angeles Rams,,4:25 PM
11,Sun,November 19,Minnesota Vikings,,@,Denver Broncos,,8:20 PM
11,Mon,November 20,Philadelphia Eagles,,@,Kansas City Chiefs,,8:15 PM
12,Thu,November 23,Green Bay Packers,,@,Detroit Lions,,12:30 PM
12,Thu,November 23,Washington Commanders,,@,Dallas Cowboys,,4:30 PM
12,Thu,November 23,San Francisco 49ers,,@,Seattle Seahawks,,8:20 PM
12,Fri,November 24,Miami Dolphins,,@,New York Jets,,3:00 PM
12,Sun,November 26,New Orleans Saints,,@,Atlanta Falcons,,1:00 PM
12,Sun,November 26,Pittsburgh Steelers,,@,Cincinnati Bengals,,1:00 PM
12,Sun,November 26,Tampa Bay Buccaneers,,@,Indianapolis Colts,,1:00 PM
12,Sun,November 26,Jacksonville Jaguars,,@,Houston Texans,,1:00 PM
12,Sun,November 26,New England Patriots,,@,New York Giants,,1:00 PM
12,Sun,November 26,Carolina Panthers,,@,Tennessee Titans,,1:00 PM
12,Sun,November 26,Los Angeles Rams,,@,Arizona Cardinals,,4:05 PM
12,Sun,November 26,Cleveland Browns,,@,Denver Broncos,,4:05 PM
12,Sun,November 26,Buffalo Bills,,@,Philadelphia Eagles,,4:25 PM
12,Sun,November 26,Kansas City Chiefs,,@,Las Vegas Raiders,,4:25 PM
12,Sun,November 26,Baltimore Ravens,,@,Los Angeles Chargers,,8:20 PM
12,Mon,November 27,Chicago Bears,,@,Minnesota Vikings,,8:15 PM
13,Thu,November 30,Seattle Seahawks,,@,Dallas Cowboys,,8:15 PM
13,Sun,December 3,Detroit Lions,,@,New Orleans Saints,,1:00 PM
13,Sun,December 3,Los Angeles Chargers,,@,New England Patriots,,1:00 PM
13,Sun,December 3,Atlanta Falcons,,@,New York Jets,,1:00 PM
13,Sun,December 3,Indianapolis Colts,,@,Tennessee Titans,,1:00 PM
13,Sun,December 3,Arizona Cardinals,,@,Pittsburgh Steelers,,1:00 PM
13,Sun,December 3,Carolina Panthers,,@,Tampa Bay Buccaneers,,1:00 PM
13,Sun,December 3,Miami Dolphins,,@,Washington Commanders,,1:00 PM
13,Sun,December 3,Denver Broncos,,@,Houston Texans,,4:05 PM
13,Sun,December 3,San Francisco 49ers,,@,Philadelphia Eagles,,4:25 PM
13,Sun,December 3,Cleveland Browns,,@,Los Angeles Rams,,4:25 PM
13,Sun,December 3,Kansas City Chiefs,,@,Green Bay Packers,,8:20 PM
13,Mon,December 4,Cincinnati Bengals,,@,Jacksonville Jaguars,,8:15 PM
14,Thu,December 7,New England Patriots,,@,Pittsburgh Steelers,,8:15 PM
14,Sun,December 10,Tampa Bay Buccaneers,,@,Atlanta Falcons,,1:00 PM
14,Sun,December 10,Detroit Lions,,@,Chicago Bears,,1:00 PM
14,Sun,December 10,Indianapolis Colts,,@,Cincinnati Bengals,,1:00 PM
14,Sun,December 10,Jacksonville Jaguars,,@,Cleveland Browns,,1:00 PM
14,Sun,December 10,Carolina Panthers,,@,New Orleans Saints,,1:00 PM
14,Sun,December 10,Houston Texans,,@,New York Jets,,1:00 PM
14,Sun,December 10,Los Angeles Rams,,@,Baltimore Ravens,,1:00 PM
14,Sun,December 10,Minnesota Vikings,,@,Las Vegas Raiders,,4:05 PM
14,Sun,December 10,Seattle Seahawks,,@,San Francisco 49ers,,4:05 PM
14,Sun,December 10,Buffalo Bills,,@,Kansas City Chiefs,,4:25 PM
14,Sun,December 10,Denver Broncos,,@,Los Angeles Chargers,,4:25 PM
14,Sun,December 10,Philadelphia Eagles,,@,Dallas Cowboys,,8:20 PM
14,Mon,December 11,Tennessee Titans,,@,Miami Dolphins,,8:15 PM
14,Mon,December 11,Green Bay Packers,,@,New York Giants,,8:15 PM
15,Thu,December 14,Los Angeles Chargers,,@,Las Vegas Raiders,,8:15 PM
15,Sun,December 17,Atlanta Falcons,,@,Carolina Panthers,,1:00 PM
15,Sun,December 17,Minnesota Vikings,,@,Cincinnati Bengals,,1:00 PM
15,Sun,December 17,Chicago Bears,,@,Cleveland Browns,,1:00 PM
15,Sun,December 17,Pittsburgh Steelers,,@,Indianapolis Colts,,1:00 PM
15,Sun,December 17,Denver Broncos,,@,Detroit Lions,,1:00 PM
15,Sun,December 17,Tampa Bay Buccaneers,,@,Green Bay Packers,,1:00 PM
15,Sun,December 17,New York Jets,,@,Miami Dolphins,,1:00 PM
15,Sun,December 17,New York Giants,,@,New Orleans Saints,,1:00 PM
15,Sun,December 17,Houston Texans,,@,Tennessee Titans,,1:00 PM
15,Sun,December 17,San Francisco 49ers,,@,Arizona Cardinals,,4:05 PM
15,Sun,December 17,Washington Commanders,,@,Los Angeles Rams,,4:05 PM
15,Sun,December 17,Dallas Cowboys,,@,Buffalo Bills,,4:25 PM
15,Sun,December 17,Philadelphia Eagles,,@,Seattle Seahawks,,4:25 PM
15,Sun,December 17,Baltimore Ravens,,@,Jacksonville Jaguars,,8:20 PM
15,Mon,December 18,Kansas City Chiefs,,@,New England Patriots,,8:15 PM
16,Thu,December 21,New Orleans Saints,,@,Los Angeles Rams,,8:15 PM
16,Sat,December 23,Cincinnati Bengals,,@,Pittsburgh Steelers,,4:30 PM
16,Sat,December 23,Buffalo Bills,,@,Los Angeles Chargers,,8:00 PM
16,Sun,December 24,Indianapolis Colts,,@,Atlanta Falcons,,1:00 PM
16,Sun,December 24,Green Bay Packers,,@,Carolina Panthers,,1:00 PM
16,Sun,December 24,Cleveland Browns,,@,Houston Texans,,1:00 PM
16,Sun,December 24,Detroit Lions,,@,Minnesota Vikings,,1:00 PM
16,Sun,December 24,Washington Commanders,,@,New York Jets,,1:00 PM
16,Sun,December 24,Seattle Seahawks,,@,Tennessee Titans,,1:00 PM
16,Sun,December 24,Jacksonville Jaguars,,@,Tampa Bay Buccaneers,,4:05 PM
16,Sun,December 24,Arizona Cardinals,,@,Chicago Bears,,4:25 PM
16,Sun,December 24,Dallas Cowboys,,@,Miami Dolphins,,4:25 PM
16,Sun,December 24,New England Patriots,,@,Denver Broncos,,8:15 PM
16,Mon,December 25,Las Vegas Raiders,,@,Kansas City Chiefs,,1:00 PM
16,Mon,December 25,New York Giants,,@,Philadelphia Eagles,,4:30 PM
16,Mon,December 25,Baltimore Ravens,,@,San Francisco 49ers,,8:15 PM
17,Thu,December 28,New York Jets,,@,Cleveland Browns,,8:15 PM
17,Sat,December 30,Detroit Lions,,@,Dallas Cowboys,,8:15 PM
17,Sun,December 31,New England Patriots,,@,Buffalo Bills,,1:00 PM
17,Sun,December 31,Atlanta Falcons,,@,Chicago Bears,,1:00 PM
17,Sun,December 31,Las Vegas Raiders,,@,Indianapolis Colts,,1:00 PM
17,Sun,December 31,Tennessee Titans,,@,Houston Texans,,1:00 PM
17,Sun,December 31,Carolina Panthers,,@,Jacksonville Jaguars,,1:00 PM
17,Sun,December 31,Los Angeles Rams,,@,New York Giants,,1:00 PM
17,Sun,December 31,Arizona Cardinals,,@,Philadelphia Eagles,,1:00 PM
17,Sun,December 31,Miami Dolphins,,@,Baltimore Ravens,,1:00 PM
17,Sun,December 31,New Orleans Saints,,@,Tampa Bay Buccaneers,,1:00 PM
17,Sun,December 31,San Francisco 49ers,,@,Washington Commanders,,1:00 PM
17,Sun,December 31,Pittsburgh Steelers,,@,Seattle Seahawks,,4:05 PM
17,Sun,December 31,Los Angeles Chargers,,@,Denver Broncos,,4:25 PM
17,Sun,December 31,Cincinnati Bengals,,@,Kansas City Chiefs,,4:25 PM
17,Sun,December 31,Green Bay Packers,,@,Minnesota Vikings,,8:20 PM
18,Sun,January 7,Tampa Bay Buccaneers,,@,Carolina Panthers,,1:00 PM
18,Sun,January 7,Cleveland Browns,,@,Cincinnati Bengals,,1:00 PM
18,Sun,January 7,Houston Texans,,@,Indianapolis Colts,,1:00 PM
18,Sun,January 7,Seattle Seahawks,,@,Arizona Cardinals,,1:00 PM
18,Sun,January 7,Minnesota Vikings,,@,Detroit Lions,,1:00 PM
18,Sun,January 7,Chicago Bears,,@,Green Bay Packers,,1:00 PM
18,Sun,January 7,Buffalo Bills,,@,Miami Dolphins,,1:00 PM
18,Sun,January 7,Atlanta Falcons,,@,New Orleans Saints,,1:00 PM
18,Sun,January 7,New York Jets,,@,New England Patriots,,1:00 PM
18,Sun,January 7,Philadelphia Eagles,,@,New York Giants,,1:00 PM
18,Sun,January 7,Jacksonville Jaguars,,@,Tennessee Titans,,1:00 PM
18,Sun,January 7,Denver Broncos,,@,Las Vegas Raiders,,1:00 PM
18,Sun,January 7,Pittsburgh Steelers,,@,Baltimore Ravens,,1:00 PM
18,Sun,January 7,Kansas City Chiefs,,@,Los Angeles Chargers,,1:00 PM
18,Sun,January 7,Los Angeles Rams,,@,San Francisco 49ers,,1:00 PM
18,Sun,January 7,Dallas Cowboys,,@,Washington Commanders,,1:00 PM
